{
    "name": "root",
    "gauges": {
        "MoveToGoal.Policy.Entropy.mean": {
            "value": 1.361014723777771,
            "min": 1.361014723777771,
            "max": 1.361014723777771,
            "count": 1
        },
        "MoveToGoal.Policy.Entropy.sum": {
            "value": 69223.9296875,
            "min": 69223.9296875,
            "max": 69223.9296875,
            "count": 1
        },
        "MoveToGoal.Environment.EpisodeLength.mean": {
            "value": 49.03703703703704,
            "min": 49.03703703703704,
            "max": 49.03703703703704,
            "count": 1
        },
        "MoveToGoal.Environment.EpisodeLength.sum": {
            "value": 48988.0,
            "min": 48988.0,
            "max": 48988.0,
            "count": 1
        },
        "MoveToGoal.Step.mean": {
            "value": 49987.0,
            "min": 49987.0,
            "max": 49987.0,
            "count": 1
        },
        "MoveToGoal.Step.sum": {
            "value": 49987.0,
            "min": 49987.0,
            "max": 49987.0,
            "count": 1
        },
        "MoveToGoal.Policy.ExtrinsicValueEstimate.mean": {
            "value": -0.3190946877002716,
            "min": -0.3190946877002716,
            "max": -0.3190946877002716,
            "count": 1
        },
        "MoveToGoal.Policy.ExtrinsicValueEstimate.sum": {
            "value": -354.5141906738281,
            "min": -354.5141906738281,
            "max": -354.5141906738281,
            "count": 1
        },
        "MoveToGoal.Policy.GailValueEstimate.mean": {
            "value": 4.929537773132324,
            "min": 4.929537773132324,
            "max": 4.929537773132324,
            "count": 1
        },
        "MoveToGoal.Policy.GailValueEstimate.sum": {
            "value": 5476.71630859375,
            "min": 5476.71630859375,
            "max": 5476.71630859375,
            "count": 1
        },
        "MoveToGoal.Environment.CumulativeReward.mean": {
            "value": -0.5960960960960962,
            "min": -0.5960960960960962,
            "max": -0.5960960960960962,
            "count": 1
        },
        "MoveToGoal.Environment.CumulativeReward.sum": {
            "value": -595.5,
            "min": -595.5,
            "max": -595.5,
            "count": 1
        },
        "MoveToGoal.Policy.ExtrinsicReward.mean": {
            "value": -0.5960960960960962,
            "min": -0.5960960960960962,
            "max": -0.5960960960960962,
            "count": 1
        },
        "MoveToGoal.Policy.ExtrinsicReward.sum": {
            "value": -595.5,
            "min": -595.5,
            "max": -595.5,
            "count": 1
        },
        "MoveToGoal.Policy.GailReward.mean": {
            "value": 17.608579417427737,
            "min": 17.608579417427737,
            "max": 17.608579417427737,
            "count": 1
        },
        "MoveToGoal.Policy.GailReward.sum": {
            "value": 17590.97083801031,
            "min": 17590.97083801031,
            "max": 17590.97083801031,
            "count": 1
        },
        "MoveToGoal.Losses.PolicyLoss.mean": {
            "value": 0.021507348298716047,
            "min": 0.021507348298716047,
            "max": 0.021507348298716047,
            "count": 1
        },
        "MoveToGoal.Losses.PolicyLoss.sum": {
            "value": 0.08602939319486419,
            "min": 0.08602939319486419,
            "max": 0.08602939319486419,
            "count": 1
        },
        "MoveToGoal.Losses.ValueLoss.mean": {
            "value": 3.7079096664985016,
            "min": 3.7079096664985016,
            "max": 3.7079096664985016,
            "count": 1
        },
        "MoveToGoal.Losses.ValueLoss.sum": {
            "value": 14.831638665994006,
            "min": 14.831638665994006,
            "max": 14.831638665994006,
            "count": 1
        },
        "MoveToGoal.Policy.LearningRate.mean": {
            "value": 0.0029230110025663006,
            "min": 0.0029230110025663006,
            "max": 0.0029230110025663006,
            "count": 1
        },
        "MoveToGoal.Policy.LearningRate.sum": {
            "value": 0.011692044010265202,
            "min": 0.011692044010265202,
            "max": 0.011692044010265202,
            "count": 1
        },
        "MoveToGoal.Policy.Epsilon.mean": {
            "value": 0.19743370000000005,
            "min": 0.19743370000000005,
            "max": 0.19743370000000005,
            "count": 1
        },
        "MoveToGoal.Policy.Epsilon.sum": {
            "value": 0.7897348000000002,
            "min": 0.7897348000000002,
            "max": 0.7897348000000002,
            "count": 1
        },
        "MoveToGoal.Policy.Beta.mean": {
            "value": 0.004871941630000001,
            "min": 0.004871941630000001,
            "max": 0.004871941630000001,
            "count": 1
        },
        "MoveToGoal.Policy.Beta.sum": {
            "value": 0.019487766520000005,
            "min": 0.019487766520000005,
            "max": 0.019487766520000005,
            "count": 1
        },
        "MoveToGoal.Policy.GAILPolicyEstimate.mean": {
            "value": 0.4764700308442115,
            "min": 0.4764700308442115,
            "max": 0.4764700308442115,
            "count": 1
        },
        "MoveToGoal.Policy.GAILPolicyEstimate.sum": {
            "value": 1.905880123376846,
            "min": 1.905880123376846,
            "max": 1.905880123376846,
            "count": 1
        },
        "MoveToGoal.Policy.GAILExpertEstimate.mean": {
            "value": 0.5251389496028424,
            "min": 0.5251389496028424,
            "max": 0.5251389496028424,
            "count": 1
        },
        "MoveToGoal.Policy.GAILExpertEstimate.sum": {
            "value": 2.1005557984113694,
            "min": 2.1005557984113694,
            "max": 2.1005557984113694,
            "count": 1
        },
        "MoveToGoal.Losses.GAILLoss.mean": {
            "value": 1.3810478528340657,
            "min": 1.3810478528340657,
            "max": 1.3810478528340657,
            "count": 1
        },
        "MoveToGoal.Losses.GAILLoss.sum": {
            "value": 5.524191411336263,
            "min": 5.524191411336263,
            "max": 5.524191411336263,
            "count": 1
        },
        "MoveToGoal.Policy.GAILGradMagLoss.mean": {
            "value": 4.216984068850676,
            "min": 4.216984068850676,
            "max": 4.216984068850676,
            "count": 1
        },
        "MoveToGoal.Policy.GAILGradMagLoss.sum": {
            "value": 16.867936275402705,
            "min": 16.867936275402705,
            "max": 16.867936275402705,
            "count": 1
        },
        "MoveToGoal.Losses.PretrainingLoss.mean": {
            "value": 1.2714407096306481,
            "min": 1.2714407096306481,
            "max": 1.2714407096306481,
            "count": 1
        },
        "MoveToGoal.Losses.PretrainingLoss.sum": {
            "value": 5.085762838522593,
            "min": 5.085762838522593,
            "max": 5.085762838522593,
            "count": 1
        },
        "MoveToGoal.IsTraining.mean": {
            "value": 1.0,
            "min": 1.0,
            "max": 1.0,
            "count": 1
        },
        "MoveToGoal.IsTraining.sum": {
            "value": 1.0,
            "min": 1.0,
            "max": 1.0,
            "count": 1
        }
    },
    "metadata": {
        "timer_format_version": "0.1.0",
        "start_time_seconds": "1683187871",
        "python_version": "3.9.0 (tags/v3.9.0:9cf6752, Oct  5 2020, 15:34:40) [MSC v.1927 64 bit (AMD64)]",