{
    "name": "root",
    "gauges": {
        "MoveToGoal.Policy.Entropy.mean": {
            "value": 0.15549662709236145,
            "min": 0.15549662709236145,
            "max": 1.370532512664795,
            "count": 20
        },
        "MoveToGoal.Policy.Entropy.sum": {
            "value": 7817.4375,
            "min": 7817.4375,
            "max": 69823.1484375,
            "count": 20
        },
        "MoveToGoal.Step.mean": {
            "value": 999997.0,
            "min": 49980.0,
            "max": 999997.0,
            "count": 20
        },
        "MoveToGoal.Step.sum": {
            "value": 999997.0,
            "min": 49980.0,
            "max": 999997.0,
            "count": 20
        },
        "MoveToGoal.Policy.ExtrinsicValueEstimate.mean": {
            "value": 0.2290937751531601,
            "min": -0.5613319277763367,
            "max": 0.38268133997917175,
            "count": 20
        },
        "MoveToGoal.Policy.ExtrinsicValueEstimate.sum": {
            "value": 230.4683380126953,
            "min": -617.465087890625,
            "max": 394.5232238769531,
            "count": 20
        },
        "MoveToGoal.Policy.GailValueEstimate.mean": {
            "value": 25.166772842407227,
            "min": 3.489607334136963,
            "max": 29.397653579711914,
            "count": 20
        },
        "MoveToGoal.Policy.GailValueEstimate.sum": {
            "value": 25317.7734375,
            "min": 3904.87060546875,
            "max": 29690.671875,
            "count": 20
        },
        "MoveToGoal.Environment.EpisodeLength.mean": {
            "value": 139.29178470254956,
            "min": 47.8894324853229,
            "max": 139.29178470254956,
            "count": 20
        },
        "MoveToGoal.Environment.EpisodeLength.sum": {
            "value": 49170.0,
            "min": 47443.0,
            "max": 50496.0,
            "count": 20
        },
        "MoveToGoal.Environment.CumulativeReward.mean": {
            "value": 0.5779036827195467,
            "min": -0.7200402819738168,
            "max": 0.7531486146095718,
            "count": 20
        },
        "MoveToGoal.Environment.CumulativeReward.sum": {
            "value": 204.0,
            "min": -715.0,
            "max": 299.0,
            "count": 20
        },
        "MoveToGoal.Policy.ExtrinsicReward.mean": {
            "value": 0.5779036827195467,
            "min": -0.7200402819738168,
            "max": 0.7531486146095718,
            "count": 20
        },
        "MoveToGoal.Policy.ExtrinsicReward.sum": {
            "value": 204.0,
            "min": -715.0,
            "max": 299.0,
            "count": 20
        },
        "MoveToGoal.Policy.GailReward.mean": {
            "value": 56.66730612164981,
            "min": 11.813449337071466,
            "max": 60.047492939469485,
            "count": 20
        },
        "MoveToGoal.Policy.GailReward.sum": {
            "value": 20003.55906094238,
            "min": 12061.531773149967,
            "max": 22929.64145231247,
            "count": 20
        },
        "MoveToGoal.Losses.PolicyLoss.mean": {
            "value": 0.023453572917108735,
            "min": 0.021632660071675976,
            "max": 0.026892640405955414,
            "count": 20
        },
        "MoveToGoal.Losses.PolicyLoss.sum": {
            "value": 0.11726786458554367,
            "min": 0.08951021359922984,
            "max": 0.13446320202977707,
            "count": 20
        },
        "MoveToGoal.Losses.ValueLoss.mean": {
            "value": 10.502964181900024,
            "min": 1.8312217086553575,
            "max": 13.622341791788736,
            "count": 20
        },
        "MoveToGoal.Losses.ValueLoss.sum": {
            "value": 52.51482090950012,
            "min": 7.32488683462143,
            "max": 68.11170895894368,
            "count": 20
        },
        "MoveToGoal.Policy.LearningRate.mean": {
            "value": 6.744609775180008e-05,
            "min": 6.744609775180008e-05,
            "max": 0.002923002752566575,
            "count": 20
        },
        "MoveToGoal.Policy.LearningRate.sum": {
            "value": 0.0003372304887590004,
            "min": 0.0003372304887590004,
            "max": 0.013921425035952497,
            "count": 20
        },
        "MoveToGoal.Policy.Epsilon.mean": {
            "value": 0.10224820000000001,
            "min": 0.10224820000000001,
            "max": 0.19743342500000002,
            "count": 20
        },
        "MoveToGoal.Policy.Epsilon.sum": {
            "value": 0.5112410000000001,
            "min": 0.5099807000000001,
            "max": 0.9640475000000001,
            "count": 20
        },
        "MoveToGoal.Policy.Beta.mean": {
            "value": 0.00012218518000000012,
            "min": 0.00012218518000000012,
            "max": 0.0048719279074999995,
            "count": 20
        },
        "MoveToGoal.Policy.Beta.sum": {
            "value": 0.0006109259000000006,
            "min": 0.0006109259000000006,
            "max": 0.02320597025,
            "count": 20
        },
        "MoveToGoal.Policy.GAILPolicyEstimate.mean": {
            "value": 0.5081493733326594,
            "min": 0.36003185013930006,
            "max": 0.5389505378405253,
            "count": 20
        },
        "MoveToGoal.Policy.GAILPolicyEstimate.sum": {
            "value": 2.540746866663297,
            "min": 1.4401274005572002,
            "max": 2.6947526892026263,
            "count": 20
        },
        "MoveToGoal.Policy.GAILExpertEstimate.mean": {
            "value": 0.5118309909105301,
            "min": 0.42598404015103974,
            "max": 0.5962767132123312,
            "count": 20
        },
        "MoveToGoal.Policy.GAILExpertEstimate.sum": {
            "value": 2.5591549545526506,
            "min": 1.703936160604159,
            "max": 2.981383566061656,
            "count": 20
        },
        "MoveToGoal.Losses.GAILLoss.mean": {
            "value": 1.5878836886088055,
            "min": 1.2500243703524272,
            "max": 1.8545660487810771,
            "count": 20
        },
        "MoveToGoal.Losses.GAILLoss.sum": {
            "value": 7.939418443044027,
            "min": 5.547558371225993,
            "max": 9.272830243905386,
            "count": 20
        },
        "MoveToGoal.Policy.GAILGradMagLoss.mean": {
            "value": 0.15029067998131115,
            "min": 0.11735861202081044,
            "max": 4.979881499707699,
            "count": 20
        },
        "MoveToGoal.Policy.GAILGradMagLoss.sum": {
            "value": 0.7514533999065558,
            "min": 0.46943444808324175,
            "max": 19.919525998830796,
            "count": 20
        },
        "MoveToGoal.Losses.PretrainingLoss.mean": {
            "value": 0.20140408476193747,
            "min": 0.20140408476193747,
            "max": 1.3079703897237778,
            "count": 20
        },
        "MoveToGoal.Losses.PretrainingLoss.sum": {
            "value": 1.0070204238096874,
            "min": 0.9763426048060257,
            "max": 5.231881558895111,
            "count": 20
        },
        "MoveToGoal.IsTraining.mean": {
            "value": 1.0,
            "min": 1.0,
            "max": 1.0,
            "count": 20
        },
        "MoveToGoal.IsTraining.sum": {
            "value": 1.0,
            "min": 1.0,
            "max": 1.0,
            "count": 20
        }
    },
    "metadata": {
        "timer_format_version": "0.1.0",
        "start_time_seconds": "1683188110",
        "python_version": "3.9.0 (tags/v3.9.0:9cf6752, Oct  5 2020, 15:34:40) [MSC v.1927 64 bit (AMD64)]",